title,author name,type,rating,price
Ikigai: The Japanese secret to a long and happy life,Héctor García,Hardcover,4.6 out of 5 stars,356.00
"Life's Amazing Secrets: How to Find Balance and Purpose in Your Life | Inspirational Zen book on motivation, self-development & healthy living",Gaur Gopal Das,Paperback,4.6 out of 5 stars,137.00
"Karma: A Yogi's Guide to Crafting Your Destiny | Spirituality, Self-improvement & Self help books by Sadhguru | Penguin",Sadhguru,Paperback,4.7 out of 5 stars,153.00
7 Secrets of Shiva,Devdutt Pattanaik,Kindle Edition,4.4 out of 5 stars,160.55
The Monk Who Sold His Ferrari,Robin Sharma,Paperback,4.5 out of 5 stars,153.00
TINKLE DOUBLE DIGEST 8,ANANT PAI,Kindle Edition,4.5 out of 5 stars,94.50
"The 48 Laws Of Power (The Modern Machiavellian Robert Greene, 1)",Robert Greene,Paperback,4.6 out of 5 stars,458.00
Think Like a Monk: The secret of how to harness the power of positivity and be happy now,Jay Shetty,Paperback,4.6 out of 5 stars,325.00
Ikigai: The Japanese Secret to a Long and Happy Life,Héctor García,Audible Audiobook,4.6 out of 5 stars,615.00
Bhagavad Gita Original in English - Bhagavad Gita as It is Original in English,A. C. Bhaktivedanta Swami Prabhupad,Hardcover,4.8 out of 5 stars,214.00
Inner Engineering: A Yogi’s Guide to Joy - English,Sadhguru,Paperback,4.6 out of 5 stars,208.36
Apke Avchetan Man Ki Shakti (The Power of your Subconscious Mind in Hindi),Joseph Murphy,Paperback,4.4 out of 5 stars,99.00
Brijbhoomi Books And Handicrafts® Bhagavad Gita: Yatharoop,Brijbhoomi Books And Handicrafts,Hardcover,4.8 out of 5 stars,200.00
Death; An Inside Story: A book for all those who shall die,Sadhguru,Paperback,4.7 out of 5 stars,199.00
Why I am an Atheist and Other Works,Bhagat Singh,Paperback,4.6 out of 5 stars,96.00
SUPPANDI 48 (VOL- 4): SUPERCHARGED WITH FUN & LAUGHTER,Rajani Thindiath,Kindle Edition,4.5 out of 5 stars,98.70
Siddhartha,Hermann Hesse,Paperback,4.5 out of 5 stars,89.00
Tinkle Digest 22,ANANT PAI,Kindle Edition,4.2 out of 5 stars,55.65
"The Power of Your Subconscious Mind (PREMIUM PAPERBACK, PENGUIN INDIA): A personal transformation and development book, understanding human psychology and thinking by Dr Joseph Murphy",Dr Joseph Murphy,Paperback,4.5 out of 5 stars,98.00
Bhagavad Gita Made Very Easy: Read & Understand Complete Bhagavad Gita in Short Time,Kishan Barai,Kindle Edition,4.2 out of 5 stars,99.00
Karma: A Yogi’s Guide to Crafting Your Own Destiny: New York Times Bestselling Author of Inner Engineering,Sadhguru,Audible Audiobook,4.8 out of 5 stars,"1,005.00"
Rahasya (Hindi),Rhonda Byrne,Paperback,4.5 out of 5 stars,270.00
The Original Rider Waite Tarot Pack,A.E. Waite,Cards,4.4 out of 5 stars,740.00
"One Day, Life Will Change: A story of love and inspiration to win life when it hits you hard . . .",Saranya Umakanthan,Paperback,4.5 out of 5 stars,139.00
Autobiography of a Yogi (Complete Paperback Edition),Paramahansa Yogananda,Paperback,4.7 out of 5 stars,90.00
The Secret(Tamil),Rhonda Byrne,Paperback,4.6 out of 5 stars,284.00
Suppandi Volume 7: Fire Away,Rajani Thindiath,Kindle Edition,4.5 out of 5 stars,49.00
You Can Heal Your Life,Louise L. Hay,Paperback,4.6 out of 5 stars,298.00
"365 Stories from the Vedas, the Upanishads and the Puranas for Children ( Hardcover) (365 series)",Dipavali Sen,Hardcover,4.6 out of 5 stars,472.00
Youth and Truth: Unplug with Sadhguru,Sadhguru,Paperback,5.0 out of 5 stars,125.00
The Prophet,Kahlil Gibran,Paperback,4.4 out of 5 stars,70.00
The Origin of Species,Charles Darwin,Paperback,4.5 out of 5 stars,141.00
Stories of Shiva: 5 in 1 (Amar Chitra Katha),Anant Pai,Kindle Edition,4.7 out of 5 stars,256.20
Secrets of Divine Love: A Spiritual Journey into the Heart of Islam,M A.Helwa,Paperback,4.7 out of 5 stars,206.00
TINKLE HOLIDAY SPECIAL NO.37,Rajani Thindiath,Kindle Edition,4.9 out of 5 stars,98.70
The Secret,Rhonda Byrne,Hardcover,4.6 out of 5 stars,472.00
Chanakya Neeti with Sutras of Chanakya Included,B.K. Chaturvedi,Paperback,4.2 out of 5 stars,100.00
Ikigai: The Japanese secret to a long and happy life,Héctor García,Kindle Edition,4.6 out of 5 stars,161.50
Welcome Home: A Guide to Building a Home For Your Soul,Najwa Zebian,Paperback,4.8 out of 5 stars,480.00
Tinkle Magazine No.601,Rajani Thindiath,Kindle Edition,4.1 out of 5 stars,42.00
Tinkle Digest 30,ANANT PAI,Kindle Edition,4.6 out of 5 stars,55.65
Tinkle Magazine No.600,Rajani Thindiath,Kindle Edition,4.6 out of 5 stars,42.00
Sunderkand (Hindi),Goswami Tulsidas,Paperback,4.7 out of 5 stars,99.00
The Power Of Now: A Guide To Spiritual Enlightenment,Eckhart Tolle,Paperback,4.5 out of 5 stars,340.00
Inner Engineering/इनर इंजीनियरिंग : आनंदमय जीवन के सूत्र: A Yogi's Guide to Joy,सद्गुरु,Paperback,4.5 out of 5 stars,155.22
"The Complete Book of Yoga : Karma Yoga, Bhakti Yoga, Raja Yoga, Jnana Yoga",Swami Vivekananda,Paperback,4.6 out of 5 stars,154.00
"Vedic Mathematics Made Easy, 2nd Edition",Dhaval Bathia,Paperback,4.3 out of 5 stars,158.00
Tinkle Digest 34,ANANT PAI,Kindle Edition,4.3 out of 5 stars,55.65
Tinkle Magazine No.602,Rajani Thindiath,Kindle Edition,4.3 out of 5 stars,42.00
Shakti (Amar Chitra Katha),Reena Puri,Kindle Edition,4.7 out of 5 stars,137.55
